Joke,Answer,Name
Why do bees have sticky hair?,because they use honeycombs!,Steve M
Trash collectors never seem happy.,They're always in the dumps.,Bill F
Where does the sheep get his hair cut?,The Baa Baa shop,Jessica G
When is a car not a car?,When it turns into a driveway,Donald G
What do you call a fancy salmon,Sofishticated,Nathan M
What sound does a witch make when she is flying?,Broom! Broom!,Julian  A
Did you hear about the corduroy pillows?,They are making headlines! ,Zachary U
Why dont they play poker in the jungle,To many cheetahs,Clint L
Why do you not want to fight shoelaces?,Because they know tie-Kwon-Do!,Sloane  S
How do you know a cash register is confused?,Because it no longer makes cents,David L
Why was the calendar nervous?,Because it’s days are numbered. ,Nathan G
Why did the golfer wear 2 pairs of pants?,In case he gets a hole in one.,Joe Q
What did the ocean say to the other ocean?,Nothing. They just waved ,Jimmy  B
How do you introduce a burger?,Meat patty ,Justine B
How much does a pirate pay to have his ears pierce,A buc-an-ear,Paul G
Why did the scarecrow win an award?,He was outstanding in his field.,Matt S
What do you call a nosy pepper? ,Jalapeño business! ,Matt O
Why did the deer have to get braces?,Because he had buck teeth!,Cathy C
What kind of car does an egg drive ,A yolkswagon,Samantha  T
Does opening this wrapper count as exercise?,I'd call that a stretch,Mario F
What’s a dog’s favorite instrument? ,A trom-bone.,Gary R
What do dentists call their x-rays?,tooth pics!,Daniel E
What is a gorilla's laffy taffy flavor?,Gr-APE!,Dongfei W
What did the duck say when they bought lipstick?,Put it on my bill!,Nicole S
How do you fix a damaged jack-o-lantern?  ,You use a pumpkin patch!,Laura G
why do Flowers Like the Letter A?,"Because a ""B"" always follows it",Sean Z
what do you call a really sad strawberry?,a blue-berry,Alison L
Why did the scarecrow win a bunch of awards?,He was out standing in his field. ,Roey P
The bank loves my account ,They said it was outstanding ,Heather B
My wife asked me “have you seen the dog bowl?�?,I said “I didn’t even know he could!�?,William T
Why did thunder and lightning have thinking caps?,they were brainstorming,Maryssa T
Why was the liquid bouncing?,It was spring water!,Jack R
What’s a magicians favorite dog? ,A labracadabrador,Darcey R
What musical instrument is found in the bathroom? ,A tuba toothpaste,Mary F
why did the king buy a parrot driving a minivan?,it was a flying car-pet,Deborah L
Dad can you tell me what a solar eclipse is!,No! Sun. ,Billy C
What does a clock do when it's still hungry?,It goes back four seconds.,Noelle E
Where are average things manufactured?,The satisfactory!,Tommy D
Guess who I ran into on the way to the eye doctor?,Everybody!,Ellen D
What do you call a train loaded with laffy taffy?,A chew chew train!,Katherine A
What did the shoelace say when it became untied?,Knot again!,Bennett D
What is a group of bunnies hopping backwards?,A receding Hareline.,Wade A
What do you call a fan of Ocean life?,An a-fish-ionado!,Lenni  H
What do you do when your kid won’t put on shoes,You accept de feet,Tom K
why couldn't the pony sing a lullaby?,she was a little horse.,MISTY P
what did the bee do on a cold windy day,he put on his yellow jacket,andrea a
Why didn’t the dog want to play football?,It was a boxer!,Amanda B
 What does a house wear? ,Address.,Loraine A
What did the dog say when he sat on sand paper?,Rough rough!,Kyle M
What was left after the cheese factory burnt down?,De Brie,Bryan L
Why did we take the time to make this joke rhyme?,the best (w)rappers have the best rhymes.,Daniel B
What’s orange and sounds like a parrot?,A carrot,Jennifer D
Why don't ants get sick ?,Because they have little anty bodies.,patric k
What kind of shirts do farmers wear?,Crop tops,Taylor L
What do you call a zoomed in picture of a penny?,Magnificent!,YJ C
What did the mama cow say to her calf?,It's pasture bedtime.,Adam W
Why did the T-Rex go to the doctor?,He had a Dino-sore throat,Kyle J
I once hired an actor to play my Dad at a party,later i realized: that's a real faux Pa,Spencer F
I was addicted to the hokey pokey ,But I turned myself around ,Donna B
what do you call a taffy with the giggles?,a laffy taffy!!!!,Linda R
How do fish get to the hospital?,in a clam-bulance!,Daniel G
What is a chicken who can count her own eggs?,A mathmachicken,Brittany A
What did the burger say to the condiments?,Ketchup with you later,Carla R
Why is the mall called the mall?,Why go to one store when you can go them all,John L
What did the limestone say to the geologist?,Don’t take me for granite,Robin I
why don’t teddy bears order dessert?,they’re always stuffed.,Tess S
Why did the cellphone get glasses?,Because she lost all her contacts. ,Maxine M
Why can you never trust atoms?,Cause they make up everything.,Zack S
Don’t line up your squirrels from short to tall,That’s unnecessary critter sizing.,Robin B
What did the llama’s cousin say before vacation?,Alpaca bag,Luke G
Why didn't the bike win the race?,It was two tired!,Renee W
Why did the scarecrow get a promotion,He was outstanding in his field,Elizabeth P
How do you email a fish?,You drop it a line,Loreina K
What do you call a puppy that doesn’t bark?,A hush puppy ,Loretta P
Why don't Dalmatians play hide and seek?,They are always spotted!,Zachary Y
what did the sushi say to the bee?,wasabi ,Amanda e
What do you call an Alligator in a vest?,An investigator!,Sarah K
Why did the pony eat a cough drop?,He was a little hoarse. ,Amanda E
What did the skirt say to the iron?,You come pleat me!,Catherine B
What did the pebble want to be when it grew up?,A little boulder.,Sydney M
what's the best thing about switzerland?,i don't know! but the flag is a big plus!,noah d
Why'd the man break up with the apostrophe? ,She was too possessive. ,Brian W
What did the teeth say to the taffy?,I chews you.,Karen K
Why did the golfer change his pants? ,He had a hole in one. ,Tony C
What kind of party can you not have in an igloo?,A house warming party,Jennell S
How do bakers save money?,Buying the yeast expensive ingredients!,Ant G
what do clouds wear under their shorts?,thunderpants!,Maximus H
What did the Buffalo say when his son left?,Bison,Mike M
What’s more impressive than a talking parrot? ,A spelling bee! ,Shelby W
Why did the pen and pencil fall in love?,it just felt write!,Maria P
Where do ghosts go shopping?,A bootique,Donetta R
What kind of dog does a magician have?,A Labracadabrador!,Rebeka D
What do you call rabbits marching back in a row?,A receding hare-line,Leah W
What do you call a sea monster with no hair?,Loch-less,Max M
Why didn't the Skeleton go to the dance?,I had no BODY to go with.,Tracey G
WhaT DO YOU CALL SOMEONE WHO TAKES CARE OF CHICKEN,A CHICKEN TENDER,Kara H
Why did the snake become a comedian?,He was hiss-terical!,Kathryn E
How much does a chimney cost?,Nothing! It’s on the house,Sonora F
Why do sharks swim in saltwater?,Because pepper makes them sneeze,Ruth B
what did the gum say to the Taffy on race day?, we're in the home stretch,Rosemarie J
How does the moon cut its hair?,Eclipse it.,Samantha A
